#,#,#,#,#,#,#,#,#,#,#,#,#,#,#,#,,,,,,,,,,,,,,,,,,,,,,,,,,,,,,,,,,,,
#,.,.,.,.,.,.,.,.,.,.,.,.,.,#,#,,,,,,,,,,,,,,,,,,,,,,,,,,,,,,,,,,,,
#,.,.,.,.,.,.,.,.,.,.,.,.,.,#,#,,,,,,,,,,,,,,,,,,,,,,,,,,,,,,,,,,,,
#,.,.,.,.,.,.,.,.,.,.,.,.,.,#,#,,,,,,,,,,,,,,,,,,,,,,,,,,,,,,,,,,,,
#,.,.,.,.,.,.,.,.,.,.,.,.,.,#,#,,,,,,,,,,,,,,,,,,,,,,,,,,,,,,,,,,,,
#,.,.,.,.,.,.,.,.,.,.,.,.,.,#,#,,,,,,,,,,,,,,,,,,,,,,,,,,,,,,,,,,,,
#,.,.,.,.,.,B2,.,.,.,.,.,.,.,#,#,,,,,,,,,,,,,,,,,,,,,,,,,,,,,,,,,,,,
#,#,#,#,#,#,#,#,.,.,.,.,.,.,#,#,,,,,,,,,,,,,,,,,,,,,,,,,,,,,,,,,,,,
,,,,,#,#,#,.,.,.,.,.,.,#,#,,,,,,,,,,,,,,,,,,,,,,,,,,,,,,,,,,,,
,,,,,#,#,#,.,.,.,.,.,.,#,#,,,,,,,,,,,,,,,,,,,,,,,,,,,,,,,,,,,,
,,,,,#,#,#,.,.,.,.,.,.,#,#,,,,,,,,,,,,,,,,,,,,,,,,,,,,,,,,,,,,
,,,,,#,#,#,.,.,.,.,.,.,#,#,,,,,,,,,,,,,,,,,,,,,,,,,,,,,,,,,,,,
,,,,,#,#,#,.,.,.,.,.,.,#,#,,,,,,,,,,,,,,,,,,,,,,,,,,,,,,,,,,,,
,,,,,#,#,#,.,.,.,.,.,.,#,#,,,,,,,,,,,,,,,,,,,,,,,,,,,,,,,,,,,,
,,,,,#,#,#,.,.,.,.,P,.,#,#,,,,,,,,,,,,,,,,,,,,,,,,,,,,,,,,,,,,
,,,,,#,#,#,.,.,.,#,#,.,#,#,,,,,,,,,,,,,,,,,,,,,,,,,,,,,,,,,,,,
,,,,,#,#,#,.,.,.,.,.,.,#,#,,,,,,,,,,,,,,,,,,,,,,,,,,,,,,,,,,,,
,,,,,#,#,#,.,.,.,.,.,.,#,#,,,,,,,,,,,,,,,,,,,,,,,,,,,,,,,,,,,,
,,,,,#,#,#,.,.,.,.,.,.,#,#,,,,,,,,,,,,,,,,,,,,,,,,,,,,,,,,,,,,
,,,,,#,#,#,.,.,.,.,.,.,#,#,,,,,,,,,,,,,,,,,,,,,,,,,,,,,,,,,,,,
,,,,,#,#,#,.,.,.,.,.,.,#,#,,,,,,,,,,,,,,,,,,,,,,,,,,,,,,,,,,,,
,,,,,#,#,#,.,.,.,.,.,.,#,#,,,,,,,,,,,,,,,,,,,,,,,,,,,,,,,,,,,,
,,,,,#,#,#,.,.,.,.,.,.,#,#,,,,,,,,,,,,,,,,,,,,,,,,,,,,,,,,,,,,
,,,,,#,#,#,.,.,.,.,.,.,#,#,,,,,,,,,,,,,,,,,,,,,,,,,,,,,,,,,,,,
,,,,,#,#,#,.,.,.,.,.,.,#,#,,,,,,,,,,,,,,,,,,,,,,,,,,,,,,,,,,,,
,,,,,#,#,#,.,.,.,.,.,.,#,#,,,,,,,,,,,,,,,,,,,,,,,,,,,,,,,,,,,,
,,,,,#,#,#,.,.,.,.,.,.,#,#,,,,,,,,,,,,,,,,,,,,,,,,,,,,,,,,,,,,
,,,,,#,#,#,.,.,.,.,.,.,#,#,,,,,,,,,,,,,,,,,,,,,,,,,,,,,,,,,,,,
,,,,,#,#,#,.,.,.,.,.,.,#,#,,,,,,,,,,,,,,,,,,,,,,,,,,,,,,,,,,,,
,,,,,#,#,#,.,.,.,.,.,.,#,#,,,,,,,,,,,,,,,,,,,,,,,,,,,,,,,,,,,,
,,,,,#,#,#,.,.,.,.,.,.,#,#,,,,,,,,,,,,,,,,,,,,,,,,,,,,,,,,,,,,
,,,,,#,#,#,.,.,.,.,.,.,#,#,,,,,,,,,,,,,,,,,,,,,,,,,,,,,,,,,,,,
,,,,,#,#,#,.,.,.,.,.,.,#,#,,,,,,,,,,,,,,,,,,,,,,,,,,,,,,,,,,,,
,,,,,#,#,#,.,.,.,.,.,.,#,#,,,,,,,,,,,,,,,,,,,,,,,,,,,,,,,,,,,,
,,,,,#,#,#,.,.,.,.,.,.,#,#,,,,,,,,,,,,,,,,,,,,,,,,,,,,,,,,,,,,
,,,,,#,#,#,.,.,.,.,.,.,#,#,,,,,,,,,,,,,,,,,,,,,,,,,,,,,,,,,,,,
,,,,,#,#,#,.,.,.,.,.,.,#,#,,,,,,,,,,,,,,,,,,,,,,,,,,,,,,,,,,,,
,,,,,#,#,#,.,.,.,.,.,.,#,#,,,,,,,,,,,,,,,,,,,,,,,,,,,,,,,,,,,,
,,,,,#,#,#,.,.,.,.,.,.,#,#,,,,,,,,,,,,,,,,,,,,,,,,,,,,,,,,,,,,
,,,,,#,#,#,.,.,.,.,.,.,#,#,,,,,,,,,,,,,,,,,,,,,,,,,,,,,,,,,,,,
,,,,,#,#,#,.,.,.,.,.,.,#,#,,,,,,,,,,,,,,,,,,,,,,,,,,,,,,,,,,,,
,,,,,#,#,#,.,.,.,.,.,.,#,#,,,,,,,,,,,,,,,,,,,,,,,,,,,,,,,,,,,,
,,,,,#,#,#,.,.,.,.,.,.,#,#,,,,,,,,,,,,,,,,,,,,,,,,,,,,,,,,,,,,
,,,,,#,#,#,.,.,.,.,.,.,#,#,,,,,,,,,,,,,,,,,,,,,,,,,,,,,,,,,,,,
,,,,,#,#,#,.,.,.,.,.,.,#,#,,,,,,,,,,,,,,,,,,,,,,,,,,,,,,,,,,,,
,,,,,#,#,#,.,.,.,.,.,.,#,#,,,,,,,,,,,,,,,,,,,,,,,,,,,,,,,,,,,,
,,,,,#,#,#,.,.,.,.,.,.,#,#,,,,,,,,,,,,,,,,,,,,,,,,,,,,,,,,,,,,
,,,,,#,#,#,.,.,.,.,.,.,#,#,,,,,,,,,,,,,,,,,,,,,,,,,,,,,,,,,,,,
,,,,,#,#,#,.,.,.,.,.,.,#,#,,,,,,,,,,,,,,,,,,,,,,,,,,,,,,,,,,,,
,,,,,#,#,#,.,.,.,.,.,.,#,#,,,,,,,,,,,,,,,,,,,,,,,,,,,,,,,,,,,,
,,,,,#,#,#,.,.,.,.,.,.,#,#,,,,,,,,,,,,,,,,,,,,,,,,,,,,,,,,,,,,
,,,,,#,#,#,.,.,.,.,.,.,#,#,,,,,,,,,,,,,,,,,,,,,,,,,,,,,,,,,,,,
,,,,,#,#,#,.,.,.,.,.,.,#,#,,,,,,,,,,,,,,,,,,,,,,,,,,,,,,,,,,,,
,,,,,#,#,#,.,.,.,.,.,.,#,#,,,,,,,,,,,,,,,,,,,,,,,,,,,,,,,,,,,,
,,,,,#,#,#,.,.,.,.,.,.,#,#,,,,,,,,,,,,,,,,,,,,,,,,,,,,,,,,,,,,
,,,,,#,#,#,.,.,.,.,.,.,#,#,,,,,,,,,,,,,,,,,,,,,,,,,,,,,,,,,,,,
,,,,,#,#,#,.,.,.,.,.,.,#,#,,,,,,,,,,,,,,,,,,,,,,,,,,,,,,,,,,,,
,,,,,#,#,#,.,.,.,.,.,.,#,#,,,,,,,,,,,,,,,,,,,,,,,,,,,,,,,,,,,,
,,,,,#,#,#,.,.,.,.,.,.,#,#,,,,,,,,,,,,,,,,,,,,,,,,,,,,,,,,,,,,
,,,,,#,#,#,.,.,.,.,.,.,#,#,,,,,,,,,,,,,,,,,,,,,,,,,,,,,,,,,,,,
,,,,,#,#,#,.,.,.,.,.,.,#,#,,,,,,,,,,,,,,,,,,,,,,,,,,,,,,,,,,,,
,,,,,#,#,#,.,.,.,.,.,.,#,#,,,,,,,,,,,,,,,,,,,,,,,,,,,,,,,,,,,,
,,,,,#,#,#,.,.,.,.,.,.,#,#,,,,,,,,,,,,,,,,,,,,,,,,,,,,,,,,,,,,
,,,,,#,#,#,.,.,.,.,.,.,#,#,,,,,,,,,,,,,,,,,,,,,,,,,,,,,,,,,,,,
,,,,,#,#,#,.,.,.,.,.,.,#,#,,,,,,,,,,,,,,,,,,,,,,,,,,,,,,,,,,,,
,,,,,#,#,#,.,.,.,.,.,.,#,#,,,,,,,,,,,,,,,,,,,,,,,,,,,,,,,,,,,,
,,,,,#,#,#,.,.,.,.,.,.,#,#,,,,,,,,,,,,,,,,,,,,,,,,,,,,,,,,,,,,
#,#,#,#,#,#,#,#,.,.,.,.,.,.,#,#,#,#,#,#,#,#,,,,,,,,,,,,,,,,,,,,,,,,,,,,,,
#,#,.,.,.,.,.,.,.,.,.,.,.,.,.,.,.,.,.,#,#,#,,,,,,,,,,,,,,,,,,,,,,,,,,,,,,
#,#,.,.,.,.,.,.,.,.,.,.,.,.,.,.,.,.,.,W1,#,#,,,,,,,,,,,,,,,,,,,,,,,,,,,,,,
#,#,.,.,.,.,.,.,.,.,.,.,.,.,.,.,#,#,#,#,#,#,,,,,,,,,,,,,,,,,,,,,,,,,,,,,,
#,#,E,.,.,.,.,.,.,.,.,.,.,E,.,.,#,#,#,#,#,#,,,,,,,,,,,,,,,,,,,,,,,,,,,,,,
#,#,a1,a1,a1,a1,a1,a1,a1,a1,a1,a1,a1,a1,a1,a1,#,#,#,,,,,,,,,,,,,,,,,,,,,,,,,,,,,,,,,
#,#,.,.,.,.,.,.,.,.,.,.,.,.,.,.,#,#,#,,,,,,,,,,,,,,,,,,,,,,,,,,,,,,,,,
#,#,.,.,.,.,.,.,.,.,.,.,.,.,.,.,#,#,#,,,,,,,,,,,,,,,,,,,,,,,,,,,,,,,,,
#,#,.,.,.,.,.,.,.,.,.,.,.,.,.,.,#,#,#,,,,,,,,,,,,,,,,,,,,,,,,,,,,,,,,,
#,#,.,.,.,.,.,.,.,.,.,.,.,.,.,.,#,#,#,,,,,,,,,,,,,,,,,,,,,,,,,,,,,,,,,
#,#,.,.,.,.,.,.,.,.,.,.,.,.,.,.,#,#,#,,,,,,,,,,,,,,,,,,,,,,,,,,,,,,,,,
#,#,.,.,.,.,.,.,.,.,.,.,.,.,.,.,#,#,#,,,,,,,,,,,,,,,,,,,,,,,,,,,,,,,,,
#,#,.,.,.,.,.,.,.,.,.,.,.,.,.,.,#,#,#,,,,,,,,,,,,,,,,,,,,,,,,,,,,,,,,,
#,#,.,.,.,.,.,.,.,.,.,.,.,.,.,.,#,#,#,,,,,,,,,,,,,,,,,,,,,,,,,,,,,,,,,
#,#,.,.,.,.,.,.,.,.,.,.,.,.,.,.,#,#,#,,,,,,,,,,,,,,,,,,,,,,,,,,,,,,,,,
#,#,.,.,.,.,.,.,.,.,.,.,.,.,.,.,#,#,#,,,,,,,,,,,,,,,,,,,,,,,,,,,,,,,,,
#,#,.,.,.,.,.,.,.,.,.,.,.,.,.,.,#,#,#,,,,,,,,,,,,,,,,,,,,,,,,,,,,,,,,,
#,#,.,.,.,.,.,.,.,.,.,.,.,.,.,.,#,#,#,,,,,,,,,,,,,,,,,,,,,,,,,,,,,,,,,
#,#,.,.,.,.,.,.,.,.,.,.,.,.,.,.,#,#,#,,,,,,,,,,,,,,,,,,,,,,,,,,,,,,,,,
#,#,.,.,.,.,.,.,.,.,.,.,.,.,.,.,#,#,#,,,,,,,,,,,,,,,,,,,,,,,,,,,,,,,,,
#,#,.,.,.,.,.,.,.,.,.,.,.,.,.,.,#,#,#,,,,,,,,,,,,,,,,,,,,,,,,,,,,,,,,,
#,#,.,.,.,.,.,.,.,.,.,.,.,.,.,.,#,#,#,,,,,,,,,,,,,,,,,,,,,,,,,,,,,,,,,
#,#,.,.,.,.,.,.,.,.,.,.,.,.,.,.,#,#,#,,,,,,,,,,,,,,,,,,,,,,,,,,,,,,,,,
#,#,.,.,.,.,.,.,.,.,.,.,.,.,.,.,#,#,#,,,,,,,,,,,,,,,,,,,,,,,,,,,,,,,,,
#,#,.,.,.,.,.,.,.,.,.,.,.,.,.,.,#,#,#,,,,,,,,,,,,,,,,,,,,,,,,,,,,,,,,,
#,#,.,.,.,.,.,.,.,.,.,.,.,.,.,.,#,#,#,,,,,,,,,,,,,,,,,,,,,,,,,,,,,,,,,
#,#,.,.,.,.,.,.,.,.,.,.,.,.,.,.,#,#,#,#,#,#,,,,,,,,,,,,,,,,,,,,,,,,,,,,,,
#,#,.,.,.,.,.,.,.,.,.,.,.,.,.,.,#,#,#,#,#,#,,,,,,,,,,,,,,,,,,,,,,,,,,,,,,
#,#,.,.,.,.,.,.,.,.,.,.,.,.,.,.,.,.,.,#,#,#,,,,,,,,,,,,,,,,,,,,,,,,,,,,,,
#,#,.,.,.,.,.,.,.,.,.,.,.,.,.,.,.,.,.,#,#,#,,,,,,,,,,,,,,,,,,,,,,,,,,,,,,
#,#,.,.,.,.,.,.,.,.,.,.,.,.,.,.,.,.,.,#,#,#,,,,,,,,,,,,,,,,,,,,,,,,,,,,,,
#,.,.,.,.,.,.,.,.,.,.,.,.,.,.,.,.,.,.,W1,#,#,,,,,,,,,,,,,,,,,,,,,,,,,,,,,,
#,T,.,.,.,.,.,.,.,.,.,.,.,.,.,.,#,#,#,#,#,#,,,,,,,,,,,,,,,,,,,,,,,,,,,,,,
#,#,.,.,.,.,.,.,.,.,.,.,.,.,.,.,#,#,#,#,#,#,,,,,,,,,,,,,,,,,,,,,,,,,,,,,,
#,#,.,.,.,.,.,.,.,.,.,.,.,.,.,.,.,#,#,,,,,,,,,,,,,,,,,,,,,,,,,,,,,,,,,
#,#,.,.,.,.,.,.,.,.,.,.,.,.,.,.,T,#,#,,,,,,,,,,,,,,,,,,,,,,,,,,,,,,,,,
#,#,.,.,.,.,.,.,.,.,.,.,.,.,.,.,#,#,#,,,,,,,,,,,,,,,,,,,,,,,,,,,,,,,,,
#,#,A1,A1,A1,A1,A1,A1,A1,A1,A1,A1,A1,A1,A1,A1,#,#,#,,,,,,,,,,,,,,,,,,,,,,,,,,,,,,,,,
#,#,.,.,.,.,.,.,.,.,.,.,.,.,.,.,#,#,#,,,,,,,,,,,,,,,,,,,,,,,,,,,,,,,,,
#,#,.,.,.,.,.,.,.,.,.,.,.,.,.,.,#,#,#,,,,,,,,,,,,,,,,,,,,,,,,,,,,,,,,,
#,#,.,.,.,.,Y,.,.,Y,.,.,.,.,.,.,#,#,#,,,,,,,,,,,,,,,,,,,,,,,,,,,,,,,,,
#,#,.,.,.,.,a1,.,.,a1,.,.,.,.,.,.,#,#,#,,,,,,,,,,,,,,,,,,,,,,,,,,,,,,,,,
#,#,.,.,.,.,a1,.,.,a1,.,.,.,.,.,.,#,#,#,,,,,,,,,,,,,,,,,,,,,,,,,,,,,,,,,
#,#,.,.,.,.,a1,.,.,a1,.,.,.,.,.,.,#,#,#,,,,,,,,,,,,,,,,,,,,,,,,,,,,,,,,,
#,#,.,.,.,.,a1,.,.,a1,.,.,.,.,.,.,#,#,#,,,,,,,,,,,,,,,,,,,,,,,,,,,,,,,,,
#,#,.,.,.,.,a1,.,.,a1,.,.,.,.,.,.,#,#,#,,,,,,,,,,,,,,,,,,,,,,,,,,,,,,,,,
#,#,.,.,.,.,a1,.,.,a1,.,.,.,.,.,.,#,#,#,,,,,,,,,,,,,,,,,,,,,,,,,,,,,,,,,
#,#,.,.,.,.,a1,.,.,a1,.,.,.,.,.,.,#,#,#,,,,,,,,,,,,,,,,,,,,,,,,,,,,,,,,,
#,#,.,.,.,.,a1,.,.,a1,.,.,.,.,.,.,#,#,#,,,,,,,,,,,,,,,,,,,,,,,,,,,,,,,,,
#,#,.,.,.,.,a1,.,.,a1,.,.,.,.,.,.,#,#,#,,,,,,,,,,,,,,,,,,,,,,,,,,,,,,,,,
#,#,.,.,.,.,.,.,.,.,.,.,.,.,.,.,#,#,#,,,,,,,,,,,,,,,,,,,,,,,,,,,,,,,,,
#,#,.,.,.,.,.,.,.,.,.,.,.,.,.,.,#,#,#,,,,,,,,,,,,,,,,,,,,,,,,,,,,,,,,,
#,#,.,.,.,.,.,.,.,.,.,.,.,.,.,.,#,#,#,,,,,,,,,,,,,,,,,,,,,,,,,,,,,,,,,
#,#,.,.,.,.,.,.,.,.,.,.,.,.,.,.,#,#,#,,,,,,,,,,,,,,,,,,,,,,,,,,,,,,,,,
#,#,.,.,.,.,.,.,.,.,.,.,.,.,.,.,#,#,#,,,,,,,,,,,,,,,,,,,,,,,,,,,,,,,,,
#,#,.,.,.,.,.,.,.,.,.,.,.,.,.,.,#,#,#,,,,,,,,,,,,,,,,,,,,,,,,,,,,,,,,,
#,#,.,.,.,.,.,.,.,.,.,.,.,.,.,.,#,#,#,,,,,,,,,,,,,,,,,,,,,,,,,,,,,,,,,
#,#,.,.,.,.,.,.,.,.,.,.,.,.,.,.,#,#,#,,,,,,,,,,,,,,,,,,,,,,,,,,,,,,,,,
#,#,.,.,.,.,.,.,.,.,.,.,.,.,.,.,#,#,#,,,,,,,,,,,,,,,,,,,,,,,,,,,,,,,,,
#,#,.,.,.,.,.,.,.,.,.,.,.,.,.,.,#,#,#,,,,,,,,,,,,,,,,,,,,,,,,,,,,,,,,,
#,#,.,.,.,.,.,.,.,.,.,.,.,.,.,.,#,#,#,,,,,,,,,,,,,,,,,,,,,,,,,,,,,,,,,
#,#,.,.,.,.,.,.,.,.,.,.,.,.,.,.,#,#,#,,,,,,,,,,,,,,,,,,,,,,,,,,,,,,,,,
#,#,.,.,.,.,.,.,.,.,.,.,.,.,.,.,#,#,#,,,,,,,,,,,,,,,,,,,,,,,,,,,,,,,,,
#,#,.,.,.,.,.,.,.,.,.,.,.,.,.,.,#,#,#,,,,,,,,,,,,,,,,,,,,,,,,,,,,,,,,,
#,#,.,.,.,.,.,.,.,.,.,.,.,.,.,.,#,#,#,,,,,,,,,,,,,,,,,,,,,,,,,,,,,,,,,
#,#,.,.,.,.,.,.,.,.,.,.,.,.,.,.,#,#,#,,,,,,,,,,,,,,,,,,,,,,,,,,,,,,,,,
#,#,.,.,.,.,.,.,.,.,.,.,.,.,.,.,#,#,#,,,,,,,,,,,,,,,,,,,,,,,,,,,,,,,,,
#,#,.,.,.,.,.,.,.,.,.,.,.,.,.,.,#,#,#,,,,,,,,,,,,,,,,,,,,,,,,,,,,,,,,,
#,#,.,.,.,.,.,.,.,.,.,.,.,.,.,.,#,#,#,,,,,,,,,,,,,,,,,,,,,,,,,,,,,,,,,
#,#,.,.,.,.,.,.,.,.,.,.,.,.,.,.,#,#,#,,,,,,,,,,,,,,,,,,,,,,,,,,,,,,,,,
#,#,.,.,.,.,.,.,.,.,.,.,.,.,.,.,#,#,#,,,,,,,,,,,,,,,,,,,,,,,,,,,,,,,,,
#,#,.,.,.,.,.,.,.,.,.,.,.,.,.,.,#,#,#,,,,,,,,,,,,,,,,,,,,,,,,,,,,,,,,,
#,#,.,.,.,.,.,.,.,.,.,.,.,.,.,.,#,#,#,,,,,,,,,,,,,,,,,,,,,,,,,,,,,,,,,
#,#,.,.,.,.,.,.,.,.,.,.,.,.,.,.,#,#,#,,,,,,,,,,,,,,,,,,,,,,,,,,,,,,,,,
#,#,.,.,.,.,.,.,.,.,.,.,.,.,.,.,#,#,#,,,,,,,,,,,,,,,,,,,,,,,,,,,,,,,,,
#,#,.,.,.,.,.,.,.,.,.,.,.,.,.,.,#,#,#,,,,,,,,,,,,,,,,,,,,,,,,,,,,,,,,,
#,#,.,.,.,.,.,.,.,.,.,.,.,.,.,.,#,#,#,,,,,,,,,,,,,,,,,,,,,,,,,,,,,,,,,
#,#,.,.,.,.,.,.,.,.,.,.,.,.,.,.,#,#,#,,,,,,,,,,,,,,,,,,,,,,,,,,,,,,,,,
#,#,.,.,.,.,.,.,.,.,.,.,.,.,.,.,#,#,#,,,,,,,,,,,,,,,,,,,,,,,,,,,,,,,,,
#,#,Y,Y,Y,Y,Y,.,.,Y,Y,Y,Y,Y,Y,Y,#,#,#,,,,,,,,,,,,,,,,,,,,,,,,,,,,,,,,,
#,#,.,.,.,.,.,.,.,.,.,.,.,.,.,.,#,#,#,,,,,,,,,,,,,,,,,,,,,,,,,,,,,,,,,
#,#,.,.,.,.,.,.,.,.,.,.,.,.,.,.,#,#,#,,,,,,,,,,,,,,,,,,,,,,,,,,,,,,,,,
#,#,.,.,.,.,.,.,.,.,.,.,.,.,.,.,#,#,#,,,,,,,,,,,,,,,,,,,,,,,,,,,,,,,,,
#,#,.,.,.,.,.,.,.,.,.,.,.,.,.,.,#,#,#,,,,,,,,,,,,,,,,,,,,,,,,,,,,,,,,,
#,#,.,.,.,.,.,.,.,.,.,.,.,.,.,.,#,#,#,,,,,,,,,,,,,,,,,,,,,,,,,,,,,,,,,
#,#,.,.,.,.,.,.,.,.,.,.,.,.,.,.,#,#,#,,,,,,,,,,,,,,,,,,,,,,,,,,,,,,,,,
#,#,.,.,.,.,.,.,.,.,.,.,.,.,.,.,#,#,#,,,,,,,,,,,,,,,,,,,,,,,,,,,,,,,,,
#,#,.,.,.,.,.,.,.,.,.,.,.,.,.,.,#,#,#,,,,,,,,,,,,,,,,,,,,,,,,,,,,,,,,,
#,#,.,.,.,.,.,.,.,.,.,.,.,.,.,.,#,#,#,,,,,,,,,,,,,,,,,,,,,,,,,,,,,,,,,
#,#,.,.,.,.,.,.,.,.,.,.,.,.,.,.,#,#,#,,,,,,,,,,,,,,,,,,,,,,,,,,,,,,,,,
#,#,.,.,.,.,.,.,.,.,.,.,.,.,.,.,#,#,#,,,,,,,,,,,,,,,,,,,,,,,,,,,,,,,,,
#,#,.,.,.,.,.,.,.,.,.,.,.,.,.,.,#,#,#,,,,,,,,,,,,,,,,,,,,,,,,,,,,,,,,,
#,#,.,.,.,.,.,.,.,.,.,.,.,.,.,.,#,#,#,,,,,,,,,,,,,,,,,,,,,,,,,,,,,,,,,
#,#,.,.,.,.,.,.,.,.,.,.,.,.,.,.,#,#,#,,,,,,,,,,,,,,,,,,,,,,,,,,,,,,,,,
#,#,.,.,.,.,.,.,.,.,.,.,.,.,.,.,#,#,#,,,,,,,,,,,,,,,,,,,,,,,,,,,,,,,,,
#,#,.,.,.,.,.,.,.,.,.,.,.,.,.,.,#,#,#,#,#,#,#,#,#,#,,,,,,,,,,,,,,,,,,,,,,,,,,
#,#,.,.,.,.,.,.,.,.,.,.,.,.,.,.,#,#,#,#,#,#,#,#,#,#,,,,,,,,,,,,,,,,,,,,,,,,,,
#,#,.,.,.,.,.,.,.,.,.,.,.,.,.,.,#,#,#,#,#,#,#,#,#,#,,,,,,,,,,,,,,,,,,,,,,,,,,
#,#,.,.,.,.,.,.,.,.,.,.,.,.,.,.,.,.,.,.,.,.,#,#,#,#,,,,,,,,,,,,,,,,,,,,,,,,,,
#,#,.,.,.,.,.,.,.,.,.,.,.,.,.,.,.,.,.,.,.,.,#,#,#,#,,,,,,,,,,,,,,,,,,,,,,,,,,
#,.,.,.,.,.,.,.,.,.,.,.,.,.,.,.,.,#,#,#,.,.,#,#,#,#,,,,,,,,,,,,,,,,,,,,,,,,,,
#,T,.,.,.,.,.,.,.,.,.,.,.,.,.,.,T,#,#,#,.,.,#,#,#,#,,,,,,,,,,,,,,,,,,,,,,,,,,
#,#,.,.,.,.,.,.,.,.,.,.,.,.,.,.,#,#,#,#,.,.,.,#,#,#,,,,,,,,,,,,,,,,,,,,,,,,,,
#,#,.,.,.,.,.,.,.,.,.,.,.,.,.,.,#,#,#,#,E,,.,W1,#,#,,,,,,,,,,,,,,,,,,,,,,,,,,
#,#,.,.,.,.,.,.,.,.,.,.,.,.,.,.,#,#,#,#,#,#,#,#,#,#,,,,,,,,,,,,,,,,,,,,,,,,,,
#,#,a1,a1,a1,a1,a1,a1,a1,a1,a1,a1,a1,a1,a1,a1,#,#,#,#,#,#,#,#,#,#,,,,,,,,,,,,,,,,,,,,,,,,,,
#,#,.,.,.,.,.,.,Y,.,.,Y,.,.,.,.,#,#,#,#,#,#,#,#,#,#,,,,,,,,,,,,,,,,,,,,,,,,,,
#,#,.,.,.,.,.,.,A1,.,.,A1,.,.,.,.,#,#,#,#,,,,,,,,,,,,,,,,,,,,,,,,,,,,,,,,
#,#,.,.,.,.,.,.,A1,.,.,A1,.,.,.,.,#,#,#,#,,,,,,,,,,,,,,,,,,,,,,,,,,,,,,,,
#,#,.,.,.,.,.,.,A1,.,.,A1,.,.,.,.,#,#,#,#,,,,,,,,,,,,,,,,,,,,,,,,,,,,,,,,
#,#,.,.,.,.,.,.,A1,.,.,A1,.,.,.,.,#,#,#,#,,,,,,,,,,,,,,,,,,,,,,,,,,,,,,,,
#,#,.,.,.,.,.,.,A1,.,.,A1,.,.,.,.,#,#,#,#,,,,,,,,,,,,,,,,,,,,,,,,,,,,,,,,
#,#,.,.,.,.,.,.,A1,.,.,A1,.,.,.,.,#,#,#,#,,,,,,,,,,,,,,,,,,,,,,,,,,,,,,,,
#,#,.,.,.,.,.,.,A1,.,.,A1,.,.,.,.,#,#,#,#,,,,,,,,,,,,,,,,,,,,,,,,,,,,,,,,
#,#,.,.,.,.,.,.,A1,.,.,A1,.,.,.,.,#,#,#,#,,,,,,,,,,,,,,,,,,,,,,,,,,,,,,,,
#,#,.,.,.,.,.,.,A1,.,.,A1,.,.,.,.,#,#,#,#,,,,,,,,,,,,,,,,,,,,,,,,,,,,,,,,
#,#,.,.,.,.,.,.,A1,.,.,A1,.,.,.,.,#,#,#,#,,,,,,,,,,,,,,,,,,,,,,,,,,,,,,,,
#,#,.,.,.,.,.,.,A1,.,.,A1,.,.,.,.,#,#,#,#,,,,,,,,,,,,,,,,,,,,,,,,,,,,,,,,
#,#,.,.,.,.,.,.,A1,.,.,A1,.,.,.,.,#,#,#,#,,,,,,,,,,,,,,,,,,,,,,,,,,,,,,,,
#,#,.,.,.,.,.,.,.,.,.,.,.,.,.,.,#,#,#,#,,,,,,,,,,,,,,,,,,,,,,,,,,,,,,,,
#,#,.,.,.,.,.,.,.,.,.,.,.,.,.,.,#,#,#,#,,,,,,,,,,,,,,,,,,,,,,,,,,,,,,,,
#,#,.,.,.,.,.,.,.,.,.,.,.,.,.,.,#,#,#,#,,,,,,,,,,,,,,,,,,,,,,,,,,,,,,,,
#,#,.,.,.,.,.,.,.,.,.,.,.,.,.,.,#,#,#,#,,,,,,,,,,,,,,,,,,,,,,,,,,,,,,,,
#,#,.,.,.,.,.,.,.,.,.,.,.,.,.,.,#,#,#,#,,,,,,,,,,,,,,,,,,,,,,,,,,,,,,,,
#,#,.,.,.,.,.,.,.,.,.,.,.,.,.,.,#,#,#,#,,,,,,,,,,,,,,,,,,,,,,,,,,,,,,,,
#,#,.,.,.,.,.,.,.,.,.,.,.,.,.,.,#,#,#,#,,,,,,,,,,,,,,,,,,,,,,,,,,,,,,,,
#,#,.,.,.,.,.,.,.,.,.,.,.,.,.,.,#,#,#,#,,,,,,,,,,,,,,,,,,,,,,,,,,,,,,,,
#,#,Y,Y,Y,Y,Y,Y,Y,.,.,Y,Y,Y,Y,Y,#,#,#,#,,,,,,,,,,,,,,,,,,,,,,,,,,,,,,,,
#,#,.,.,.,.,.,.,.,.,.,.,.,.,.,.,#,#,#,#,,,,,,,,,,,,,,,,,,,,,,,,,,,,,,,,
#,#,.,.,.,.,.,.,.,.,.,.,.,.,.,.,#,#,#,#,,,,,,,,,,,,,,,,,,,,,,,,,,,,,,,,
#,#,.,.,.,.,.,.,.,.,.,.,.,.,.,.,#,#,#,#,,,,,,,,,,,,,,,,,,,,,,,,,,,,,,,,
#,#,.,.,.,.,.,.,.,.,.,.,.,.,.,.,#,#,#,#,,,,,,,,,,,,,,,,,,,,,,,,,,,,,,,,
#,#,.,.,.,.,.,.,.,.,.,.,.,.,.,.,#,#,#,#,,,,,,,,,,,,,,,,,,,,,,,,,,,,,,,,
#,#,.,.,.,.,.,.,.,.,.,.,.,.,.,.,#,#,#,#,,,,,,,,,,,,,,,,,,,,,,,,,,,,,,,,
#,#,.,.,.,.,.,.,.,.,.,.,.,.,.,.,#,#,#,#,,,,,,,,,,,,,,,,,,,,,,,,,,,,,,,,
#,#,.,.,.,.,.,.,.,.,.,.,.,.,.,.,#,#,#,#,,,,,,,,,,,,,,,,,,,,,,,,,,,,,,,,
#,#,.,.,.,.,.,.,.,.,.,.,.,.,.,.,#,#,#,#,,,,,,,,,,,,,,,,,,,,,,,,,,,,,,,,
#,#,.,.,.,.,.,.,.,.,.,.,.,.,.,.,#,#,#,#,,,,,,,,,,,,,,,,,,,,,,,,,,,,,,,,
#,#,.,.,.,.,.,.,.,.,.,.,.,.,.,.,#,#,#,#,,,,,,,,,,,,,,,,,,,,,,,,,,,,,,,,
#,#,.,.,.,.,.,.,.,.,.,.,.,.,.,.,#,#,#,#,,,,,,,,,,,,,,,,,,,,,,,,,,,,,,,,
#,#,.,.,.,.,.,.,.,.,.,.,.,.,.,.,#,#,#,#,,,,,,,,,,,,,,,,,,,,,,,,,,,,,,,,
#,#,.,.,.,.,.,.,.,.,.,.,.,.,.,.,#,#,#,#,,,,,,,,,,,,,,,,,,,,,,,,,,,,,,,,
#,#,.,.,.,.,.,.,.,.,.,.,.,.,.,.,#,#,#,#,,,,,,,,,,,,,,,,,,,,,,,,,,,,,,,,
#,#,.,.,.,.,.,.,.,.,.,.,.,.,.,.,#,#,#,#,,,,,,,,,,,,,,,,,,,,,,,,,,,,,,,,
#,#,.,.,.,.,.,.,.,.,.,.,.,.,.,.,#,#,#,#,,,,,,,,,,,,,,,,,,,,,,,,,,,,,,,,
#,#,.,.,.,.,.,.,.,.,.,.,.,.,.,.,#,#,#,#,,,,,,,,,,,,,,,,,,,,,,,,,,,,,,,,
#,#,.,.,.,.,.,.,.,.,.,.,.,.,.,.,#,#,#,#,,,,,,,,,,,,,,,,,,,,,,,,,,,,,,,,
#,#,.,.,.,.,.,.,.,.,.,.,.,.,.,.,#,#,#,#,,,,,,,,,,,,,,,,,,,,,,,,,,,,,,,,
#,#,.,.,.,.,.,.,.,.,.,.,.,.,.,.,#,#,#,#,,,,,,,,,,,,,,,,,,,,,,,,,,,,,,,,
#,#,Y,Y,Y,Y,Y,Y,.,.,.,.,Y,Y,Y,Y,#,#,#,#,,,,,,,,,,,,,,,,,,,,,,,,,,,,,,,,
#,#,.,.,.,.,.,.,.,.,.,.,.,.,.,.,#,#,#,#,,,,,,,,,,,,,,,,,,,,,,,,,,,,,,,,
#,#,.,.,.,.,.,.,.,.,.,.,.,.,.,.,#,#,#,#,,,,,,,,,,,,,,,,,,,,,,,,,,,,,,,,
#,#,.,.,.,.,.,.,.,.,.,.,.,.,.,.,#,#,#,#,,,,,,,,,,,,,,,,,,,,,,,,,,,,,,,,
#,#,.,.,.,.,.,.,.,.,.,.,.,.,.,.,.,#,#,#,#,#,#,#,#,,,,,,,,,,,,,,,,,,,,,,,,,,,
#,#,.,.,.,.,.,.,.,.,.,.,.,.,.,.,T,#,#,#,#,#,#,#,#,,,,,,,,,,,,,,,,,,,,,,,,,,,
#,#,.,.,.,.,.,.,.,.,.,.,.,.,.,.,#,#,#,#,#,#,#,#,#,,,,,,,,,,,,,,,,,,,,,,,,,,,
W10,.,.,.,.,.,.,.,.,.,.,.,.,.,.,.,.,#,.,.,.,,#,#,#,,,,,,,,,,,,,,,,,,,,,,,,,,,
#,T,.,.,.,.,.,.,.,.,.,.,.,.,.,.,T,#,.,.,E,.,W1,#,#,,,,,,,,,,,,,,,,,,,,,,,,,,,
#,#,.,.,.,.,.,.,.,.,.,.,.,.,.,.,#,#,.,.,#,#,#,#,#,,,,,,,,,,,,,,,,,,,,,,,,,,,
#,#,.,.,.,.,.,.,.,.,.,.,.,.,.,.,#,#,.,.,#,#,#,#,#,#,#,#,#,#,#,#,#,#,#,#,#,#,#,#,#,#,#,#,#,#,#,#,#,#,#,#
#,#,.,.,.,.,.,.,.,.,.,.,.,.,.,.,#,#,.,.,#,#,#,#,#,#,#,#,#,#,#,#,#,#,#,#,#,#,#,#,#,#,#,#,#,#,#,#,#,#,#,#
#,.,.,.,.,.,.,.,.,.,.,.,.,.,.,.,.,.,.,.,#,#,#,#,#,#,#,#,#,#,#,#,#,#,#,#,#,#,#,#,#,#,#,#,#,#,#,#,#,#,#,#
#,T,.,.,.,.,.,.,.,.,.,.,.,.,.,.,.,.,.,.,#,#,#,#,.,.,.,.,.,.,.,.,.,.,.,.,.,.,.,.,.,.,.,.,.,.,.,.,.,#,#,#
#,#,.,.,.,.,.,.,.,.,.,.,.,.,.,.,#,#,#,#,#,.,.,.,.,.,.,.,.,.,.,.,.,.,.,.,.,.,.,.,.,.,.,.,.,.,.,.,.,#,#,#
#,#,.,.,.,.,.,.,.,.,.,.,.,.,.,.,#,#,.,.,.,.,.,.,.,.,.,.,.,.,.,.,.,.,.,.,.,.,.,.,.,.,.,.,.,.,.,.,.,#,#,#
#,#,.,.,.,.,.,.,.,.,.,.,.,.,.,.,#,#,.,.,.,.,.,.,#,#,#,#,#,#,#,#,#,#,#,#,#,#,#,#,#,#,#,#,#,#,.,.,.,#,#,#
#,#,.,.,.,.,.,.,.,.,.,.,.,.,.,.,#,#,.,.,#,#,.,.,#,#,#,#,#,#,#,#,#,#,#,#,#,#,#,#,#,#,#,#,#,#,.,.,.,#,#,#
#,#,.,.,.,.,.,.,.,.,.,.,.,.,.,.,#,#,.,.,#,#,.,.,W1,#,#,#,#,#,#,#,#,#,#,#,#,#,#,#,#,#,#,#,#,.,.,#,#,#,#,#
#,#,A1,A1,A1,A1,A1,A1,A1,A1,A1,A1,A1,A1,A1,A1,#,#,.,.,#,#,#,#,#,#,#,#,#,#,#,#,#,#,#,#,#,#,#,#,#,#,#,#,#,.,.,.,.,#,#,#
#,#,.,.,.,.,.,.,.,.,.,.,.,.,.,.,#,#,.,.,#,#,#,#,#,#,#,#,#,#,#,#,#,#,#,#,#,#,#,#,#,#,#,#,#,.,.,.,.,#,#,#
#,#,.,.,.,.,.,.,.,.,.,.,.,.,.,.,#,#,.,.,#,#,#,#,#,#,#,#,#,#,#,#,#,#,#,#,#,#,#,#,#,#,#,#,#,.,.,.,.,#,#,#
#,#,.,.,.,.,.,.,.,.,.,.,.,.,.,.,.,.,.,.,#,#,#,#,#,#,#,#,#,#,#,#,#,#,#,#,#,#,#,#,#,#,#,#,#,.,.,.,.,#,#,#
#,#,.,.,.,.,.,.,.,.,.,.,.,.,.,.,.,.,.,.,#,#,#,#,#,#,#,#,#,#,#,#,#,#,#,#,#,#,#,#,#,#,#,#,#,#,#,.,.,#,#,#
#,#,.,.,.,.,.,.,.,.,.,.,.,.,.,.,#,#,#,#,#,#,#,#,#,#,#,#,#,#,#,#,#,#,#,#,#,#,#,#,#,#,#,#,#,.,.,.,.,#,#,#
#,#,.,.,.,.,.,.,.,.,.,.,.,.,.,.,#,#,#,#,#,#,#,#,#,#,#,#,#,#,#,#,#,#,#,#,#,#,#,#,#,#,#,#,#,.,.,.,.,#,#,#
#,#,.,.,.,.,.,.,.,.,.,.,.,.,.,.,#,#,#,#,#,#,#,#,#,#,#,#,#,#,#,#,#,#,#,#,#,#,#,#,#,#,#,#,#,.,.,.,.,#,#,#
#,#,.,.,.,.,.,.,.,.,.,.,.,.,.,.,#,#,#,#,#,#,#,#,#,#,#,#,#,#,#,#,#,#,#,#,#,#,#,#,#,#,#,#,#,.,.,.,.,#,#,#
#,#,.,.,.,.,.,.,.,.,.,.,.,.,.,.,#,#,#,#,#,#,#,#,#,#,#,#,#,#,#,#,#,#,#,#,#,#,#,#,#,#,#,#,#,.,.,#,#,#,#,#
#,#,.,.,.,.,.,.,.,.,.,.,.,.,.,.,#,#,#,#,#,#,#,#,#,#,#,#,#,#,#,#,#,#,#,#,#,#,#,#,#,#,#,#,#,.,.,.,.,#,#,#
#,#,.,.,.,.,.,.,.,.,.,.,.,.,.,.,#,#,#,#,#,#,#,#,#,#,#,#,#,#,#,#,#,.,.,.,.,.,.,.,.,.,.,.,a10,.,.,.,.,#,#,#
#,#,.,.,.,.,.,.,.,.,.,.,.,.,.,.,#,#,#,#,#,#,#,#,#,#,#,#,#,#,#,#,#,+,.,.,.,.,.,.,.,.,.,.,a10,.,.,.,.,#,#,#
#,#,.,.,.,.,.,.,.,.,.,.,.,.,.,.,#,#,#,#,#,#,#,#,#,#,#,#,#,#,#,#,#,#,#,#,#,#,#,#,#,#,#,#,#,.,.,.,.,#,#,#
#,#,.,.,.,.,.,.,.,.,.,.,.,.,.,.,#,#,#,#,#,#,#,#,#,#,#,#,#,#,#,#,#,#,#,#,#,#,#,#,#,#,#,#,#,#,#,.,.,#,#,#
#,#,.,.,.,.,.,.,.,.,.,.,.,.,.,.,#,#,#,#,#,#,#,#,#,#,#,#,#,#,#,#,#,#,#,#,#,#,#,#,#,#,#,#,#,.,.,.,.,#,#,#
#,#,.,.,.,.,.,.,.,.,.,.,.,.,.,.,.,#,#,#,#,#,#,#,#,#,#,#,#,#,#,#,#,#,#,#,#,#,#,#,#,#,#,#,#,.,.,.,.,#,#,#
#,#,.,.,.,.,.,.,.,.,.,.,.,.,.,.,T,#,#,#,#,#,#,#,#,#,#,#,#,#,#,#,#,#,#,#,#,#,#,#,#,#,#,#,#,.,.,.,.,#,#,#
#,#,.,.,.,.,.,.,.,.,.,.,.,.,.,.,#,#,#,#,#,#,#,#,#,#,#,#,#,#,#,#,#,#,#,#,#,#,#,#,#,#,#,#,#,.,.,.,.,#,#,#
#,#,.,.,.,.,.,.,.,.,.,.,.,.,.,.,.,#,#,#,#,#,#,#,#,#,#,#,#,#,#,#,#,#,#,#,#,#,#,#,#,#,#,#,#,.,.,#,#,#,#,#
#,#,.,.,.,.,.,.,.,.,.,.,.,.,.,.,T,#,#,#,#,#,#,#,#,#,#,#,#,#,#,#,#,#,#,#,#,#,#,#,#,#,#,#,#,.,.,.,.,#,#,#
#,#,.,.,.,.,.,.,.,.,.,.,.,.,.,.,#,#,#,#,#,#,#,#,#,#,#,#,#,#,#,#,#,#,#,#,#,#,#,#,#,#,#,#,#,.,.,.,.,#,#,#
#,#,.,.,.,.,.,.,.,.,.,.,.,.,.,.,.,.,.,.,.,.,.,.,.,.,.,.,.,.,.,.,.,.,.,.,.,.,.,.,.,.,.,.,.,.,.,.,.,#,#,#
#,#,.,.,.,.,.,.,.,.,.,.,.,.,.,.,.,.,T,.,.,.,.,.,.,.,.,.,.,.,.,.,.,.,.,.,.,.,.,.,.,.,.,.,.,.,.,.,.,#,#,#
#,#,.,.,.,.,.,.,.,.,.,.,.,.,.,.,#,#,#,#,#,#,#,#,#,#,#,#,#,#,#,#,#,#,#,#,#,#,#,#,#,#,#,#,#,#,#,#,#,#,#,#
#,#,.,.,.,.,.,.,.,.,.,.,.,.,.,.,#,#,#,#,#,#,#,#,#,#,#,#,#,#,#,#,#,#,#,#,#,#,#,#,#,#,#,#,#,#,#,#,#,#,#,#
#,#,.,.,.,.,.,.,.,.,.,.,.,.,.,.,.,#,#,#,#,#,#,#,#,#,#,#,#,#,#,#,#,#,#,#,#,#,#,#,#,#,#,#,#,#,#,#,#,#,#,#
#,#,.,.,.,.,.,.,.,.,.,.,.,.,.,.,T,#,#,,,,,,,,,,,,,,,,,,,,,,,,,,,,,,,,,
#,#,.,.,.,.,.,.,.,.,.,.,.,.,.,.,#,#,#,,,,,,,,,,,,,,,,,,,,,,,,,,,,,,,,,
#,#,a1,a1,a1,a1,a1,a1,a1,a1,a1,a1,a1,a1,a1,a1,#,#,#,,,,,,,,,,,,,,,,,,,,,,,,,,,,,,,,,
#,#,.,.,.,.,.,.,.,.,A1,.,.,.,A1,.,#,#,#,,,,,,,,,,,,,,,,,,,,,,,,,,,,,,,,,
#,#,.,.,.,.,.,.,.,.,A1,.,.,.,A1,.,#,#,#,,,,,,,,,,,,,,,,,,,,,,,,,,,,,,,,,
#,#,.,.,.,.,.,.,.,.,A1,.,.,.,A1,.,#,#,#,,,,,,,,,,,,,,,,,,,,,,,,,,,,,,,,,
#,#,.,.,.,.,.,.,.,.,A1,.,.,.,A1,.,#,#,#,,,,,,,,,,,,,,,,,,,,,,,,,,,,,,,,,
#,#,.,.,.,.,.,.,.,.,A1,.,.,.,A1,.,#,#,#,,,,,,,,,,,,,,,,,,,,,,,,,,,,,,,,,
#,#,.,.,.,.,.,.,.,.,A1,.,.,.,A1,.,#,#,#,,,,,,,,,,,,,,,,,,,,,,,,,,,,,,,,,
#,#,.,.,.,.,.,.,.,.,A1,.,.,.,A1,.,#,#,#,,,,,,,,,,,,,,,,,,,,,,,,,,,,,,,,,
#,#,.,.,.,.,.,.,.,.,A1,.,.,.,A1,.,#,#,#,,,,,,,,,,,,,,,,,,,,,,,,,,,,,,,,,
#,#,.,.,.,.,.,.,.,.,A1,.,.,.,A1,.,#,#,#,,,,,,,,,,,,,,,,,,,,,,,,,,,,,,,,,
#,#,.,.,.,.,.,.,.,.,A1,.,.,.,A1,.,#,#,#,,,,,,,,,,,,,,,,,,,,,,,,,,,,,,,,,
#,#,.,.,.,.,.,.,.,.,A1,.,.,.,A1,.,#,#,#,,,,,,,,,,,,,,,,,,,,,,,,,,,,,,,,,
#,#,.,.,.,.,.,.,.,.,A1,.,.,.,A1,.,#,#,#,,,,,,,,,,,,,,,,,,,,,,,,,,,,,,,,,
#,#,.,.,.,.,.,.,.,.,A1,.,.,.,A1,.,#,#,#,,,,,,,,,,,,,,,,,,,,,,,,,,,,,,,,,
#,#,.,.,.,.,.,.,.,.,A1,.,.,.,A1,.,#,#,#,,,,,,,,,,,,,,,,,,,,,,,,,,,,,,,,,
#,#,.,.,.,.,.,.,.,.,A1,.,.,.,A1,.,#,#,#,,,,,,,,,,,,,,,,,,,,,,,,,,,,,,,,,
#,#,.,.,.,.,.,.,.,.,A1,.,.,.,A1,.,#,#,#,,,,,,,,,,,,,,,,,,,,,,,,,,,,,,,,,
#,#,.,.,.,.,.,.,.,.,A1,.,.,.,A1,.,#,#,#,,,,,,,,,,,,,,,,,,,,,,,,,,,,,,,,,
#,#,.,.,.,.,.,.,.,.,A1,.,.,.,A1,.,#,#,#,,,,,,,,,,,,,,,,,,,,,,,,,,,,,,,,,
#,#,.,.,.,.,.,.,.,.,A1,.,.,.,A1,.,#,#,#,,,,,,,,,,,,,,,,,,,,,,,,,,,,,,,,,
#,#,.,.,.,.,.,.,.,.,A1,.,.,.,A1,.,#,#,#,,,,,,,,,,,,,,,,,,,,,,,,,,,,,,,,,
#,#,.,.,.,.,.,.,.,.,A1,.,.,.,A1,.,#,#,#,,,,,,,,,,,,,,,,,,,,,,,,,,,,,,,,,
#,#,.,.,.,.,.,.,.,.,A1,.,.,.,A1,.,#,#,#,,,,,,,,,,,,,,,,,,,,,,,,,,,,,,,,,
#,#,.,.,.,.,.,.,.,.,A1,.,.,.,A1,.,#,#,#,,,,,,,,,,,,,,,,,,,,,,,,,,,,,,,,,
#,#,.,.,.,.,.,.,.,.,A1,.,.,.,A1,.,#,#,#,,,,,,,,,,,,,,,,,,,,,,,,,,,,,,,,,
#,#,.,.,.,.,.,.,.,.,A1,.,.,.,A1,.,#,#,#,,,,,,,,,,,,,,,,,,,,,,,,,,,,,,,,,
#,#,.,.,.,.,.,.,.,.,A1,.,.,.,A1,.,#,#,#,,,,,,,,,,,,,,,,,,,,,,,,,,,,,,,,,
#,#,.,.,.,.,.,.,.,.,A1,.,.,.,A1,.,#,#,#,,,,,,,,,,,,,,,,,,,,,,,,,,,,,,,,,
#,.,.,.,.,.,.,.,.,.,A1,.,.,.,A1,.,#,#,#,,,,,,,,,,,,,,,,,,,,,,,,,,,,,,,,,
#,T,.,.,.,.,.,.,.,.,A1,.,.,.,A1,.,#,#,#,,,,,,,,,,,,,,,,,,,,,,,,,,,,,,,,,
#,#,.,.,.,.,.,.,.,.,A1,.,.,.,A1,.,#,#,#,,,,,,,,,,,,,,,,,,,,,,,,,,,,,,,,,
#,#,.,.,.,.,.,.,.,.,A1,.,.,.,A1,.,#,#,#,,,,,,,,,,,,,,,,,,,,,,,,,,,,,,,,,
#,.,.,.,.,.,.,.,.,.,A1,.,.,.,A1,.,#,#,#,,,,,,,,,,,,,,,,,,,,,,,,,,,,,,,,,
#,T,.,.,.,.,.,.,.,.,A1,.,.,.,A1,.,#,#,#,,,,,,,,,,,,,,,,,,,,,,,,,,,,,,,,,
#,#,.,.,.,.,.,.,.,.,A1,.,.,.,A1,.,#,#,#,,,,,,,,,,,,,,,,,,,,,,,,,,,,,,,,,
#,#,.,.,.,.,.,.,.,.,A1,.,.,.,A1,.,#,#,#,,,,,,,,,,,,,,,,,,,,,,,,,,,,,,,,,
#,#,.,.,.,.,.,.,.,.,A1,.,.,.,A1,.,#,#,#,,,,,,,,,,,,,,,,,,,,,,,,,,,,,,,,,
#,.,.,.,.,.,.,.,.,.,A1,.,.,.,A1,.,#,#,#,,,,,,,,,,,,,,,,,,,,,,,,,,,,,,,,,
#,T,.,.,.,.,.,.,.,.,A1,.,.,.,A1,.,#,#,#,,,,,,,,,,,,,,,,,,,,,,,,,,,,,,,,,
#,#,.,.,.,.,.,.,.,.,A1,.,.,.,A1,.,#,#,#,,,,,,,,,,,,,,,,,,,,,,,,,,,,,,,,,
#,#,.,.,.,.,.,.,.,.,A1,.,.,.,A1,.,#,#,#,,,,,,,,,,,,,,,,,,,,,,,,,,,,,,,,,
#,.,.,.,.,.,.,.,.,.,A1,.,.,.,A1,.,#,#,#,,,,,,,,,,,,,,,,,,,,,,,,,,,,,,,,,
#,T,.,.,.,.,.,.,.,.,A1,.,.,.,A1,.,#,#,#,,,,,,,,,,,,,,,,,,,,,,,,,,,,,,,,,
#,#,.,.,.,.,.,.,.,.,A1,.,.,.,A1,.,#,#,#,,,,,,,,,,,,,,,,,,,,,,,,,,,,,,,,,
#,#,.,.,.,.,.,.,.,.,A1,.,.,.,A1,.,#,#,#,,,,,,,,,,,,,,,,,,,,,,,,,,,,,,,,,
#,#,.,.,.,.,.,.,.,.,A1,.,.,.,A1,.,#,#,#,,,,,,,,,,,,,,,,,,,,,,,,,,,,,,,,,
#,#,.,.,.,.,.,.,.,.,A1,.,.,.,A1,.,#,#,#,,,,,,,,,,,,,,,,,,,,,,,,,,,,,,,,,
#,#,.,.,.,.,.,.,.,.,A1,.,.,.,A1,.,#,#,#,,,,,,,,,,,,,,,,,,,,,,,,,,,,,,,,,
#,#,.,.,.,.,.,.,.,.,A1,.,.,.,A1,.,#,#,#,,,,,,,,,,,,,,,,,,,,,,,,,,,,,,,,,
#,#,.,.,.,.,.,.,.,.,A1,.,.,.,A1,.,#,#,#,,,,,,,,,,,,,,,,,,,,,,,,,,,,,,,,,
#,#,.,.,.,.,.,.,.,.,A1,.,.,.,A1,.,#,#,#,,,,,,,,,,,,,,,,,,,,,,,,,,,,,,,,,
#,#,.,.,.,.,.,.,.,.,A1,.,.,.,A1,.,#,#,#,,,,,,,,,,,,,,,,,,,,,,,,,,,,,,,,,
#,#,.,.,.,.,.,.,.,.,A1,.,.,.,A1,.,#,#,#,,,,,,,,,,,,,,,,,,,,,,,,,,,,,,,,,
#,#,.,.,.,.,.,.,.,.,A1,.,.,.,A1,.,#,#,#,,,,,,,,,,,,,,,,,,,,,,,,,,,,,,,,,
#,#,.,.,.,.,.,.,.,.,A1,.,.,.,A1,.,#,#,#,,,,,,,,,,,,,,,,,,,,,,,,,,,,,,,,,
#,#,.,.,.,.,.,.,.,.,A1,.,.,.,A1,.,#,#,#,,,,,,,,,,,,,,,,,,,,,,,,,,,,,,,,,
#,#,.,.,.,.,.,.,.,.,A1,.,.,.,A1,.,#,#,#,,,,,,,,,,,,,,,,,,,,,,,,,,,,,,,,,
#,#,.,.,.,.,.,.,.,.,A1,.,.,.,A1,.,#,#,#,,,,,,,,,,,,,,,,,,,,,,,,,,,,,,,,,
#,#,.,.,.,.,.,.,.,.,A1,.,.,.,A1,.,#,#,#,,,,,,,,,,,,,,,,,,,,,,,,,,,,,,,,,
#,#,.,.,.,.,.,.,.,.,A1,.,.,.,A1,.,#,#,#,,,,,,,,,,,,,,,,,,,,,,,,,,,,,,,,,
#,#,.,.,.,.,.,.,.,.,A1,.,.,.,A1,.,#,#,#,,,,,,,,,,,,,,,,,,,,,,,,,,,,,,,,,
#,#,.,.,.,.,.,.,.,.,A1,.,.,.,A1,.,#,#,#,,,,,,,,,,,,,,,,,,,,,,,,,,,,,,,,,
#,#,.,.,.,.,.,.,.,.,A1,.,.,.,A1,.,#,#,#,,,,,,,,,,,,,,,,,,,,,,,,,,,,,,,,,
#,#,.,.,.,.,.,.,.,.,A1,.,.,.,A1,.,#,#,#,,,,,,,,,,,,,,,,,,,,,,,,,,,,,,,,,
#,#,.,.,.,.,.,.,.,.,A1,.,.,.,A1,.,#,#,#,,,,,,,,,,,,,,,,,,,,,,,,,,,,,,,,,
#,#,.,.,.,.,.,.,.,.,A1,.,.,.,A1,.,#,#,#,,,,,,,,,,,,,,,,,,,,,,,,,,,,,,,,,
#,#,.,.,.,.,.,.,.,.,A1,.,.,.,A1,.,#,#,#,,,,,,,,,,,,,,,,,,,,,,,,,,,,,,,,,
#,#,.,.,.,.,.,.,.,.,A1,.,.,.,A1,.,#,#,#,,,,,,,,,,,,,,,,,,,,,,,,,,,,,,,,,
#,#,.,.,.,.,.,.,.,.,A1,.,.,.,A1,.,#,#,#,,,,,,,,,,,,,,,,,,,,,,,,,,,,,,,,,
#,#,.,.,.,.,.,.,.,.,A1,Y,Y,Y,A1,.,#,#,#,,,,,,,,,,,,,,,,,,,,,,,,,,,,,,,,,
#,#,.,.,.,.,.,.,.,.,.,.,.,.,.,.,#,#,#,,,,,,,,,,,,,,,,,,,,,,,,,,,,,,,,,
#,#,.,.,.,.,.,.,.,.,.,.,.,.,.,.,#,#,#,,,,,,,,,,,,,,,,,,,,,,,,,,,,,,,,,
#,#,.,.,.,.,.,.,.,.,.,.,.,.,.,.,#,#,#,,,,,,,,,,,,,,,,,,,,,,,,,,,,,,,,,
#,#,.,.,.,.,.,.,.,.,.,.,.,.,.,.,#,#,#,,,,,,,,,,,,,,,,,,,,,,,,,,,,,,,,,
#,#,.,.,.,.,.,.,.,.,.,.,.,.,.,.,#,#,#,,,,,,,,,,,,,,,,,,,,,,,,,,,,,,,,,
#,#,.,.,.,.,.,.,.,.,.,.,.,.,.,.,#,#,#,,,,,,,,,,,,,,,,,,,,,,,,,,,,,,,,,
#,#,.,.,.,.,.,.,.,.,.,.,.,.,.,.,#,#,#,,,,,,,,,,,,,,,,,,,,,,,,,,,,,,,,,
#,#,.,.,.,.,.,.,.,.,.,.,.,.,.,.,#,#,#,,,,,,,,,,,,,,,,,,,,,,,,,,,,,,,,,
#,#,.,.,.,.,.,.,.,.,.,.,.,.,.,.,#,#,#,,,,,,,,,,,,,,,,,,,,,,,,,,,,,,,,,
#,#,.,.,.,.,.,.,.,.,.,.,.,.,.,.,#,#,#,,,,,,,,,,,,,,,,,,,,,,,,,,,,,,,,,
#,#,.,.,.,.,.,.,.,.,.,.,.,.,.,.,#,#,#,,,,,,,,,,,,,,,,,,,,,,,,,,,,,,,,,
#,#,.,.,.,.,.,.,.,.,.,.,.,.,.,.,#,#,#,,,,,,,,,,,,,,,,,,,,,,,,,,,,,,,,,
#,#,.,.,.,.,.,.,.,.,.,.,.,.,.,.,#,#,#,,,,,,,,,,,,,,,,,,,,,,,,,,,,,,,,,
#,#,.,.,.,.,.,.,.,.,.,.,.,.,.,.,#,#,#,,,,,,,,,,,,,,,,,,,,,,,,,,,,,,,,,
#,#,.,.,.,.,.,.,.,.,.,.,.,.,.,.,#,#,#,,,,,,,,,,,,,,,,,,,,,,,,,,,,,,,,,
#,#,.,.,.,.,.,.,.,.,.,.,.,.,.,.,#,#,#,,,,,,,,,,,,,,,,,,,,,,,,,,,,,,,,,
#,#,.,.,.,.,.,.,.,.,.,.,.,.,.,.,#,#,#,,,,,,,,,,,,,,,,,,,,,,,,,,,,,,,,,
#,#,.,.,.,.,.,.,.,.,.,.,.,.,.,.,#,#,#,,,,,,,,,,,,,,,,,,,,,,,,,,,,,,,,,
#,#,.,.,.,.,.,.,.,.,.,.,.,.,.,.,#,#,#,,,,,,,,,,,,,,,,,,,,,,,,,,,,,,,,,
#,#,.,.,.,.,.,.,.,.,.,.,.,.,.,.,#,#,#,,,,,,,,,,,,,,,,,,,,,,,,,,,,,,,,,
#,#,.,.,.,.,.,.,.,.,.,.,.,.,.,.,#,#,#,,,,,,,,,,,,,,,,,,,,,,,,,,,,,,,,,
#,#,.,.,.,.,.,.,.,.,.,.,.,.,.,.,#,#,#,,,,,,,,,,,,,,,,,,,,,,,,,,,,,,,,,
#,#,.,.,.,.,.,.,.,.,.,.,.,.,.,.,#,#,#,,,,,,,,,,,,,,,,,,,,,,,,,,,,,,,,,
#,.,.,.,.,.,.,.,.,.,.,.,.,.,.,.,#,#,#,,,,,,,,,,,,,,,,,,,,,,,,,,,,,,,,,
#,T,.,.,.,.,.,.,.,.,.,.,.,.,.,.,.,#,#,,,,,,,,,,,,,,,,,,,,,,,,,,,,,,,,,
#,#,.,.,.,.,.,.,.,.,.,.,.,.,.,.,T,#,#,,,,,,,,,,,,,,,,,,,,,,,,,,,,,,,,,
#,#,.,.,.,.,.,.,.,.,.,.,.,.,.,.,#,#,#,,,,,,,,,,,,,,,,,,,,,,,,,,,,,,,,,
#,#,.,.,.,.,.,.,.,.,.,.,.,.,.,.,#,#,#,,,,,,,,,,,,,,,,,,,,,,,,,,,,,,,,,
#,W9,.,.,.,.,.,.,.,.,.,.,.,.,.,.,#,#,#,,,,,,,,,,,,,,,,,,,,,,,,,,,,,,,,,
#,#,.,.,.,.,.,.,.,.,.,.,.,.,.,.,#,#,#,#,#,#,#,#,,,,,,,,,,,,,,,,,,,,,,,,,,,,
#,#,.,.,.,.,.,.,.,.,.,.,.,.,.,.,#,#,#,#,#,#,#,#,,,,,,,,,,,,,,,,,,,,,,,,,,,,
#,#,.,.,.,.,.,.,.,.,.,.,.,.,.,.,#,#,#,#,#,#,#,#,,,,,,,,,,,,,,,,,,,,,,,,,,,,
#,#,.,.,.,.,.,.,.,.,.,.,.,.,.,.,a9,.,.,.,.,D1,#,#,,,,,,,,,,,,,,,,,,,,,,,,,,,,
#,#,.,.,E,.,.,.,.,.,E,.,.,.,.,.,a9,.,.,.,.,D1,#,#,,,,,,,,,,,,,,,,,,,,,,,,,,,,
#,#,#,#,#,#,#,#,#,#,#,#,#,#,#,#,#,#,#,#,#,#,#,#,,,,,,,,,,,,,,,,,,,,,,,,,,,,
#,#,#,#,#,#,#,#,#,#,#,#,#,#,#,#,#,#,#,#,#,#,#,#,,,,,,,,,,,,,,,,,,,,,,,,,,,,
#,#,#,#,#,#,#,#,#,#,#,#,#,#,#,#,#,#,#,#,#,#,#,#,,,,,,,,,,,,,,,,,,,,,,,,,,,,